,0
0,Rainbow Non Logo Black Pubg Mobile Game Controller For Nintendo Switch Console
1,Rainbow Non Logo Black Switch Pro Gaming Controller For Nintendo Switch Console
2,Rainbow Non Logo Black Joystick & Game Controller For Nintendo Switch Console
3,Rainbow Non Logo Black Pc Controller For Nintendo Switch Console
4,Rainbow Non Logo Black Controle Remoto Video Game Controller For Nintendo Switch Console
5,Rainbow Non Logo Black Switch Ns Pro Controller For Nintendo Switch Console
6,Rainbow Non Logo Black Copy Replica Switch Pro Controller For Nintendo Switch Console
7,Rainbow Non Logo Black Replica Switch Controller For Nintendo Switch Console
8,Rainbow Non Logo Black Pro Controll Nintend Switch For Nintendo Switch Console
9,Rainbow Non Logo Black Control Pro Nintend Switch For Nintendo Switch Console
10,Rainbow Non Logo Black Pro Controller Console Gamepad For Nintendo Switch Console
11,Rainbow Non Logo Black N-Switch Pro Controller For Nintendo Switch Console
12,Rainbow Non Logo Black Pro Controll Nint Switch For Nintendo Switch Console
13,Rainbow Non Logo Black Control Pro Nitend Switch For Nintendo Switch Console
14,Rainbow Non Logo Black Mando Nintend Switch Pro Controller For Nintendo Switch Console
15,Rainbow Non Logo Black Nintend Switch Wireless Pro Controller For Nintendo Switch Console
16,Rainbow Non Logo Black Nintend Switch Lite Controller Pro For Nintendo Switch Console
17,Rainbow Non Logo Black Nintend Switch Pro Controller Wireless Gamepad For Nintendo Switch Console
18,Rainbow Non Logo Black Pro Controller For N-Sl For Nintendo Switch Console
19,Rainbow Non Logo Black Controller Pro Fps Games For Nintendo Switch Console
20,Rainbow Non Logo Black Control Pro Nitendo Switch For Nintendo Switch Console
21,Rainbow Non Logo Black Control Inalambrico Pro Nintend For Nintendo Switch Console
22,Rainbow Non Logo Black Mando Pro Controller Ninitendo For Nintendo Switch Console
23,Rainbow Non Logo Black Switch Pro Controller Joystick For Nintendo Switch Console
24,Rainbow Non Logo Black Pro Controller F端r Nintend For Nintendo Switch Console
25,Rainbow Non Logo Black Mandos Pro Controller Nintend Switch For Nintendo Switch Console
26,Rainbow Non Logo Black For Nintend Switch Pro Game Controller For Nintendo Switch Console
27,Rainbow Non Logo Black Nintend Joy-Con Pro Controller For Nintendo Switch Console
28,Rainbow Non Logo Black 2020 For Switch Pro Controller Gamepad Wireless Jo For Nintendo Switch Console
29,"Rainbow Non Logo Black Ctr-003 3,7 V 1300Mah Li-Ion Pro Controller Switch For Nintendo Switch Console"
30,Rainbow Non Logo Splatoon Pubg Mobile Game Controller For Nintendo Switch Console
31,Rainbow Non Logo Splatoon Switch Pro Gaming Controller For Nintendo Switch Console
32,Rainbow Non Logo Splatoon Joystick & Game Controller For Nintendo Switch Console
33,Rainbow Non Logo Splatoon Pc Controller For Nintendo Switch Console
34,Rainbow Non Logo Splatoon Controle Remoto Video Game Controller For Nintendo Switch Console
35,Rainbow Non Logo Splatoon Switch Ns Pro Controller For Nintendo Switch Console
36,Rainbow Non Logo Splatoon Copy Replica Switch Pro Controller For Nintendo Switch Console
37,Rainbow Non Logo Splatoon Replica Switch Controller For Nintendo Switch Console
38,Rainbow Non Logo Splatoon Pro Controll Nintend Switch For Nintendo Switch Console
39,Rainbow Non Logo Splatoon Control Pro Nintend Switch For Nintendo Switch Console
40,Rainbow Non Logo Splatoon Pro Controller Console Gamepad For Nintendo Switch Console
41,Rainbow Non Logo Splatoon N-Switch Pro Controller For Nintendo Switch Console
42,Rainbow Non Logo Splatoon Pro Controll Nint Switch For Nintendo Switch Console
43,Rainbow Non Logo Splatoon Control Pro Nitend Switch For Nintendo Switch Console
44,Rainbow Non Logo Splatoon Mando Nintend Switch Pro Controller For Nintendo Switch Console
45,Rainbow Non Logo Splatoon Nintend Switch Wireless Pro Controller For Nintendo Switch Console
46,Rainbow Non Logo Splatoon Nintend Switch Lite Controller Pro For Nintendo Switch Console
47,Rainbow Non Logo Splatoon Nintend Switch Pro Controller Wireless Gamepad For Nintendo Switch Console
48,Rainbow Non Logo Splatoon Pro Controller For N-Sl For Nintendo Switch Console
49,Rainbow Non Logo Splatoon Controller Pro Fps Games For Nintendo Switch Console
50,Rainbow Non Logo Splatoon Control Pro Nitendo Switch For Nintendo Switch Console
51,Rainbow Non Logo Splatoon Control Inalambrico Pro Nintend For Nintendo Switch Console
52,Rainbow Non Logo Splatoon Mando Pro Controller Ninitendo For Nintendo Switch Console
53,Rainbow Non Logo Splatoon Switch Pro Controller Joystick For Nintendo Switch Console
54,Rainbow Non Logo Splatoon Pro Controller F端r Nintend For Nintendo Switch Console
55,Rainbow Non Logo Splatoon Mandos Pro Controller Nintend Switch For Nintendo Switch Console
56,Rainbow Non Logo Splatoon For Nintend Switch Pro Game Controller For Nintendo Switch Console
57,Rainbow Non Logo Splatoon Nintend Joy-Con Pro Controller For Nintendo Switch Console
58,Rainbow Non Logo Splatoon 2020 For Switch Pro Controller Gamepad Wireless Jo For Nintendo Switch Console
59,"Rainbow Non Logo Splatoon Ctr-003 3,7 V 1300Mah Li-Ion Pro Controller Switch For Nintendo Switch Console"
60,Rainbow Non Logo Super Smash Bros Pubg Mobile Game Controller For Nintendo Switch Console
61,Rainbow Non Logo Super Smash Bros Switch Pro Gaming Controller For Nintendo Switch Console
62,Rainbow Non Logo Super Smash Bros Joystick & Game Controller For Nintendo Switch Console
63,Rainbow Non Logo Super Smash Bros Pc Controller For Nintendo Switch Console
64,Rainbow Non Logo Super Smash Bros Controle Remoto Video Game Controller For Nintendo Switch Console
65,Rainbow Non Logo Super Smash Bros Switch Ns Pro Controller For Nintendo Switch Console
66,Rainbow Non Logo Super Smash Bros Copy Replica Switch Pro Controller For Nintendo Switch Console
67,Rainbow Non Logo Super Smash Bros Replica Switch Controller For Nintendo Switch Console
68,Rainbow Non Logo Super Smash Bros Pro Controll Nintend Switch For Nintendo Switch Console
69,Rainbow Non Logo Super Smash Bros Control Pro Nintend Switch For Nintendo Switch Console
70,Rainbow Non Logo Super Smash Bros Pro Controller Console Gamepad For Nintendo Switch Console
71,Rainbow Non Logo Super Smash Bros N-Switch Pro Controller For Nintendo Switch Console
72,Rainbow Non Logo Super Smash Bros Pro Controll Nint Switch For Nintendo Switch Console
73,Rainbow Non Logo Super Smash Bros Control Pro Nitend Switch For Nintendo Switch Console
74,Rainbow Non Logo Super Smash Bros Mando Nintend Switch Pro Controller For Nintendo Switch Console
75,Rainbow Non Logo Super Smash Bros Nintend Switch Wireless Pro Controller For Nintendo Switch Console
76,Rainbow Non Logo Super Smash Bros Nintend Switch Lite Controller Pro For Nintendo Switch Console
77,Rainbow Non Logo Super Smash Bros Nintend Switch Pro Controller Wireless Gamepad For Nintendo Switch Console
78,Rainbow Non Logo Super Smash Bros Pro Controller For N-Sl For Nintendo Switch Console
79,Rainbow Non Logo Super Smash Bros Controller Pro Fps Games For Nintendo Switch Console
80,Rainbow Non Logo Super Smash Bros Control Pro Nitendo Switch For Nintendo Switch Console
81,Rainbow Non Logo Super Smash Bros Control Inalambrico Pro Nintend For Nintendo Switch Console
82,Rainbow Non Logo Super Smash Bros Mando Pro Controller Ninitendo For Nintendo Switch Console
83,Rainbow Non Logo Super Smash Bros Switch Pro Controller Joystick For Nintendo Switch Console
84,Rainbow Non Logo Super Smash Bros Pro Controller F端r Nintend For Nintendo Switch Console
85,Rainbow Non Logo Super Smash Bros Mandos Pro Controller Nintend Switch For Nintendo Switch Console
86,Rainbow Non Logo Super Smash Bros For Nintend Switch Pro Game Controller For Nintendo Switch Console
87,Rainbow Non Logo Super Smash Bros Nintend Joy-Con Pro Controller For Nintendo Switch Console
88,Rainbow Non Logo Super Smash Bros 2020 For Switch Pro Controller Gamepad Wireless Jo For Nintendo Switch Console
89,"Rainbow Non Logo Super Smash Bros Ctr-003 3,7 V 1300Mah Li-Ion Pro Controller Switch For Nintendo Switch Console"
90,Rainbow Non Logo Xenoblade Pubg Mobile Game Controller For Nintendo Switch Console
91,Rainbow Non Logo Xenoblade Switch Pro Gaming Controller For Nintendo Switch Console
92,Rainbow Non Logo Xenoblade Joystick & Game Controller For Nintendo Switch Console
93,Rainbow Non Logo Xenoblade Pc Controller For Nintendo Switch Console
94,Rainbow Non Logo Xenoblade Controle Remoto Video Game Controller For Nintendo Switch Console
95,Rainbow Non Logo Xenoblade Switch Ns Pro Controller For Nintendo Switch Console
96,Rainbow Non Logo Xenoblade Copy Replica Switch Pro Controller For Nintendo Switch Console
97,Rainbow Non Logo Xenoblade Replica Switch Controller For Nintendo Switch Console
98,Rainbow Non Logo Xenoblade Pro Controll Nintend Switch For Nintendo Switch Console
99,Rainbow Non Logo Xenoblade Control Pro Nintend Switch For Nintendo Switch Console
100,Rainbow Non Logo Xenoblade Pro Controller Console Gamepad For Nintendo Switch Console
101,Rainbow Non Logo Xenoblade N-Switch Pro Controller For Nintendo Switch Console
102,Rainbow Non Logo Xenoblade Pro Controll Nint Switch For Nintendo Switch Console
103,Rainbow Non Logo Xenoblade Control Pro Nitend Switch For Nintendo Switch Console
104,Rainbow Non Logo Xenoblade Mando Nintend Switch Pro Controller For Nintendo Switch Console
105,Rainbow Non Logo Xenoblade Nintend Switch Wireless Pro Controller For Nintendo Switch Console
106,Rainbow Non Logo Xenoblade Nintend Switch Lite Controller Pro For Nintendo Switch Console
107,Rainbow Non Logo Xenoblade Nintend Switch Pro Controller Wireless Gamepad For Nintendo Switch Console
108,Rainbow Non Logo Xenoblade Pro Controller For N-Sl For Nintendo Switch Console
109,Rainbow Non Logo Xenoblade Controller Pro Fps Games For Nintendo Switch Console
110,Rainbow Non Logo Xenoblade Control Pro Nitendo Switch For Nintendo Switch Console
111,Rainbow Non Logo Xenoblade Control Inalambrico Pro Nintend For Nintendo Switch Console
112,Rainbow Non Logo Xenoblade Mando Pro Controller Ninitendo For Nintendo Switch Console
113,Rainbow Non Logo Xenoblade Switch Pro Controller Joystick For Nintendo Switch Console
114,Rainbow Non Logo Xenoblade Pro Controller F端r Nintend For Nintendo Switch Console
115,Rainbow Non Logo Xenoblade Mandos Pro Controller Nintend Switch For Nintendo Switch Console
116,Rainbow Non Logo Xenoblade For Nintend Switch Pro Game Controller For Nintendo Switch Console
117,Rainbow Non Logo Xenoblade Nintend Joy-Con Pro Controller For Nintendo Switch Console
118,Rainbow Non Logo Xenoblade 2020 For Switch Pro Controller Gamepad Wireless Jo For Nintendo Switch Console
119,"Rainbow Non Logo Xenoblade Ctr-003 3,7 V 1300Mah Li-Ion Pro Controller Switch For Nintendo Switch Console"
